{"train": [23158.704200520835, 14533.590466145833, 13785.88390625, 13474.493044270834, 13288.618447916666, 13154.555541666667, 13051.397611979166, 12967.289013020832, 12887.818505208334, 12841.8595, 12775.495809895834, 12737.2990546875, 12693.291200520833, 12662.177015625, 12619.200052083334, 12593.816236979166, 12563.695200520833, 12546.6864609375, 12514.787505208333, 12484.837213541667, 12465.603317708334, 12455.621255208333, 12431.775682291667, 12408.523036458333, 12386.282216145833, 12374.619192708333, 12361.1656796875, 12337.5106796875, 12335.476747395833, 12313.535760416667, 12304.092770833333, 12284.150328125, 12276.090776041667, 12255.077114583333, 12252.804348958334, 12242.658143229166, 12236.71553125, 12222.0063359375, 12207.150138020834, 12201.176963541666, 12189.291421875, 12184.232671875, 12178.682981770833, 12166.071018229166, 12155.870421875, 12150.028533854167, 12141.925268229166, 12139.218135416666, 12123.982434895834, 12125.009796875, 12121.017041666666, 12109.966479166667, 12105.172270833333, 12096.192020833334, 12097.5962890625, 12088.379690104166, 12077.120171875, 12071.316041666667, 12079.172453125, 12063.2465, 12057.942971354167, 12059.6227890625, 12046.68646875, 12045.387135416666, 12042.351325520833, 12035.583625, 12025.402721354167, 12028.1556796875, 12018.2383828125, 12016.539182291666, 12018.572401041667, 12006.74228125, 12009.605596354168, 11996.938859375, 12001.998427083334, 11986.503111979167, 11994.726190104167, 11985.5708203125, 11978.077432291666, 11972.92434375, 11971.555385416666, 11973.080265625, 11964.104848958334, 11957.0506875, 11962.1576640625, 11961.961455729166, 11954.6664765625, 11948.6372109375, 11950.5038359375, 11952.8728046875, 11943.292997395833, 11942.166606770834, 11937.795125, 11939.25684375, 11931.2433828125, 11929.103520833334, 11932.8723515625, 11922.311252604166, 11923.089296875, 11925.602838541667], "val": [15397.773905003325, 13966.95988821476, 13559.292345412234, 13348.206636469415, 13200.608606216756, 13082.088108793218, 13001.36027883976, 12970.224858710106, 12870.766217170878, 12827.071528008644, 12795.94155169548, 12745.808354803856, 12726.162285987368, 12732.141019780585, 12652.662722323803, 12622.76678856383, 12617.117655003325, 12593.839874916888, 12550.699301861701, 12522.690959524602, 12552.074166805187, 12548.294007646276, 12505.460282995346, 12469.49260305851, 12460.303420046543, 12462.520746758644, 12445.741200548537, 12440.01318359375, 12404.84633685173, 12399.542511635638, 12391.48174659242, 12374.164997506648, 12370.935183261303, 12356.92018159907, 12355.311284491356, 12344.436803939494, 12327.222458859707, 12321.84506939827, 12320.94001412899, 12312.47621966423, 12322.166254571144, 12305.659647190825, 12309.320177443484, 12276.959649268618, 12280.313206449468, 12270.621426196809, 12316.31629197141, 12249.88206449468, 12255.595297955451, 12276.414000166224, 12260.37755568484, 12230.766321060506, 12299.147170046543, 12235.26967669548, 12229.53767037899, 12210.09465383976, 12225.65883685173, 12212.55145653258, 12232.83563622008, 12196.27869431516, 12207.039997506648, 12227.1298828125, 12239.610569730718, 12245.067736037234, 12193.457353307846, 12194.385721409575, 12203.591859208776, 12180.956418301197, 12169.739496758644, 12186.680155003325, 12191.923464511303, 12178.287140541888, 12188.509069564494, 12176.775224401596, 12182.095661569148, 12158.791451961437, 12194.029982546543, 12157.652769697474, 12163.937624667553, 12163.293353141622, 12140.859312666224, 12148.738239694148, 12180.440118018618, 12160.380204870346, 12142.077771775266, 12161.868247174201, 12166.35032621343, 12159.437406499335, 12162.422373670213, 12185.510243517287, 12158.29676072141, 12136.43877784242, 12114.966526761968, 12139.840809923537, 12186.93528715093, 12115.86534865359, 12121.16289893617, 12127.94396193484, 12119.051633144947, 12157.010825299201]}